guid,location,macrolocation,city,county,region,bow,tags
"!*Ic,G(Dim",Irish Sea,,,,,Irish Sea,BoW
!58(Hv-qKj,East Sussex,South East,,East Sussex,,,"County, England"
!:x+PVz4Rz,East Ayrshire,Scotland,,East Ayrshire,,,"County, Scotland"
"!id%,`^~s*",Celtic Sea,,,,,Celtic Sea,BoW
!OL>3U6i8g,Ely,Cambridgeshire,Ely,,,,"City, England"
!qt-S0=X_g,Truro,Cornwall,Truro,,,,"City, England"
"!u(^,]7)|z",Herefordshire,West Midlands,,Herefordshire,,,"County, England"
!U|SYeFqW,Moray,Scotland,,Moray,,,"County, Scotland"
#%VruHCWN*,Somerset,South West,,Somerset,,,"County, England"
"#1)sc$Zd,@",Clwyd,Wales,,Clwyd,,,"County, Wales"
#^FuY8QTTQ,The Wash,,,,,The Wash,BoW
#eM0qK@sg9,Aberdeenshire,Scotland,,Aberdeenshire,,,"County, Scotland"
#Sww~g-ZL6,Wells,Somerset,Wells,,,,"City, England"
#u$_~a^;@N,Isle of Wight,South East,,Isle of Wight,,,"County, England"
"$,z!fd()gr",East of England,,,,East of England,,"Region, England"
$30c4/#dc~,Newry,County Armagh / County Down,Newry,,,,"City, NorthernIreland"
$:f*7:f3xi,Midlothian,Scotland,,Midlothian,,,"County, Scotland"
$f1OOoDy7|,Cambridge,Cambridgeshire,Cambridge,,,,"City, England"
$G5u}H<e)P,Oxford,Oxfordshire,Oxford,,,,"City, England"
$R!r8TXvbJ,Kent,South East,,Kent,,,"County, England"
%!>cS-RZNQ,Worcester,Worcestershire,Worcester,,,,"City, England"
"%!aF<DQ:),",Cumbria,North West,,Cumbria,,,"County, England"
%!agVzoOOm,Wiltshire,South West,,Wiltshire,,,"County, England"
%/#+7|vzJj,Cambridgeshire,East of England,,Cambridgeshire,,,"County, England"
%/RiPpJ-r$,Northamptonshire,East Midlands,,Northamptonshire,,,"County, England"
%7S1q{f!Qk,Ripon,North Yorkshire,Ripon,,,,"City, England"
"%E/N*n,G4V",Bristol,South West,,Bristol,,,"County, England"
%p(3NzC<-M,Inverness,Highland (council area),Inverness,,,,"City, Scotland"
%sCX-zL{j0,Bradford,West Yorkshire,Bradford,,,,"City, England"
%yo`UC</)5,Gwynedd,Wales,,Gwynedd,,,"County, Wales"
&*TDB.H?_E,Northumberland,North East,,Northumberland,,,"County, England"
&.}C41k1kl,Kingston upon Hull,East Riding of Yorkshire,Kingston upon Hull,,,,"City, England"
&1-9dN7xRY,Highland (council area),Scotland,,Highland (council area),,,"County, Scotland"
&@h[)41G]I,Greater Manchester,North West,,Greater Manchester,,,"County, England"
&^UV.x;@eT,Gloucester,Gloucestershire,Gloucester,,,,"City, England"
&B{eu2o.{H,Perth,Perth and Kinross,Perth,,,,"City, Scotland"
&E7tMSGK.$,East Lothian,Scotland,,East Lothian,,,"County, Scotland"
&r@zL{]YVS,Winchester,Hampshire,Winchester,,,,"City, England"
&t5$6OpZzp,Hertfordshire,East of England,,Hertfordshire,,,"County, England"
&tZ%Fr|MPo,The Humber,,,,,The Humber,BoW
&Zb4UTzkTe,Nottingham,Nottinghamshire,Nottingham,,,,"City, England"
&{ufU_h{~X,Dumfries and Galloway,Scotland,,Dumfries and Galloway,,,"County, Scotland"
"&};W,4sDYX",Lichfield,Staffordshire,Lichfield,,,,"City, England"
(!4n/pQTND,Wolverhampton,West Midlands (county),Wolverhampton,,,,"City, England"
"(?FnWGX_,T",Nottinghamshire,East Midlands,,Nottinghamshire,,,"County, England"
"(C)i,5vJt(",St Georges Channel,,,,,St Georges Channel,BoW
(HwAH4YZ|z,Chichester,West Sussex,Chichester,,,,"City, England"
(K$aT6Ba][,South Yorkshire,Yorkshire and the Humber,,South Yorkshire,,,"County, England"
(L<DF&}ol5,Mid Glamorgan,Wales,,Mid Glamorgan,,,"County, Wales"
(mpCOCug=/,Northern Ireland,,,,Northern Ireland,,"Region, NorthernIreland"
(yh5:x#ww9,East Renfrewshire,Scotland,,East Renfrewshire,,,"County, Scotland"
(Z_IWsq9cW,North East,,,,North East,,"Region, England"
"),!$e.t_(R",North Lanarkshire,Scotland,,North Lanarkshire,,,"County, Scotland"
)2yq|up{K4,Dorset,South West,,Dorset,,,"County, England"
");0jhw=,^G",South Glamorgan,Wales,,South Glamorgan,,,"County, Wales"
)?!U**[[;5,Warwickshire,West Midlands,,Warwickshire,,,"County, England"
)`d/<1CHX:,Orkney Islands,Scotland,,Orkney Islands,,,"County, Scotland"
)Dm@iP-31*,Leicester,Leicestershire,Leicester,,,,"City, England"
)nvIygjt3R,County Londonderry,Northern Ireland,,County Londonderry,,,"County, NorthernIreland"
)QG><J2%_F,Derry,County Londonderry,Derry,,,,"City, NorthernIreland"
)Sy~nvhCm),English Channel,,,,,English Channel,BoW
"*[C,l}0s*+",Plymouth,Devon,Plymouth,,,,"City, England"
*`!9gW`l|.,Hereford,Herefordshire,Hereford,,,,"City, England"
"*LV,AS-+^I",Peterborough,Cambridgeshire,Peterborough,,,,"City, England"
+!e00GCpD0,Rutland,East Midlands,,Rutland,,,"County, England"
+7+89AY]Vp,Wakefield,West Yorkshire,Wakefield,,,,"City, England"
+[Z+qEOzG!,Angus,Scotland,,Angus,,,"County, Scotland"
+HMHVPoP},Lancaster,Lancashire,Lancaster,,,,"City, England"
+j;_HA2cQn,Argyll and Bute,Scotland,,Argyll and Bute,,,"County, Scotland"
+mBV@Oii|H,Merseyside,North West,,Merseyside,,,"County, England"
+p!?q:0L.X,The Thames,,,,,The Thames,BoW
+SYu@jZ:/Y,Powys,Wales,,Powys,,,"County, Wales"
+u&+-}3S?X,West Sussex,South East,,West Sussex,,,"County, England"
+|@3i@#]|=,Solway Firth,,,,,Solway Firth,BoW
",>4{N5_%oa",County Tyrone,Northern Ireland,,County Tyrone,,,"County, NorthernIreland"
",avVoF%u<a",Shropshire,West Midlands,,Shropshire,,,"County, England"
",c=.xV>pH6",Manchester,Greater Manchester,Manchester,,,,"City, England"
",Ceoau}%UB",Coventry,West Midlands (county),Coventry,,,,"City, England"
",e|R/XWl7_",West Midlands (county),West Midlands,,West Midlands (county),,,"County, England"
",L0zS+O29.",Staffordshire,West Midlands,,Staffordshire,,,"County, England"
",M_p)YHJLO",Portsmouth,Hampshire,Portsmouth,,,,"City, England"
",q+m5xi]@x",Leicestershire,East Midlands,,Leicestershire,,,"County, England"
",SspF`#/90",Exeter,Devon,Exeter,,,,"City, England"
",vZ@|Q0tB-",Suffolk,East of England,,Suffolk,,,"County, England"
",}ja!eMhL[",Preston,Lancashire,Preston,,,,"City, England"
",~yG}?,xmQ",Clackmannanshire,Scotland,,Clackmannanshire,,,"County, Scotland"
-.f+8~_+P9,Cardiff,South Glamorgan,Cardiff,,,,"City, Wales"
-cLq>2y6Cr,Derbyshire,East Midlands,,Derbyshire,,,"County, England"
-f{XBr`Q#1,Dyfed,Wales,,Dyfed,,,"County, Wales"
-ke+#ac|*k,West Glamorgan,Wales,,West Glamorgan,,,"County, Wales"
-lDHPj`{uI,South Ayrshire,Scotland,,South Ayrshire,,,"County, Scotland"
-lG}?7Z&@s,Cornwall,South West,,Cornwall,,,"County, England"
-Ys#Gcgnon,Birmingham,West Midlands (county),Birmingham,,,,"City, England"
-zEn?RsI)e,Chelmsford,Essex,Chelmsford,,,,"City, England"
.5|1=Z}MR[,North West,,,,North West,,"Region, England"
.6yRf:NYA_,Carlisle,Cumbria,Carlisle,,,,"City, England"
.:^J=[U|-~,Strait of Dover,,,,,Strait of Dover,BoW
.[DauhGjR_,West Yorkshire,Yorkshire and the Humber,,West Yorkshire,,,"County, England"
.k7~sc;_46,Armagh,County Armagh,Armagh,,,,"City, NorthernIreland"
.SO{00TB{!,Essex,East of England,,Essex,,,"County, England"
.uetlvecK(,Atlantic Ocean,,,,,Atlantic Ocean,BoW
".YKoZs{U,%",Scottish Borders,Scotland,,Scottish Borders,,,"County, Scotland"
.|E}F(?1oz,Surrey,South East,,Surrey,,,"County, England"
"/&M%Vo1Nl,",West Lothian,Scotland,,West Lothian,,,"County, Scotland"
/6S0U&{JI!,Inverclyde,Scotland,,Inverclyde,,,"County, Scotland"
/=9n5<lp{w,Greater London,London,,Greater London,,,"County, England"
/lA]aDF{r#,Firth of Forth,,,,,Firth of Forth,BoW
"/qa[Y,m&2u",Perth and Kinross,Scotland,,Perth and Kinross,,,"County, Scotland"
/QkGW`4D[D,County Fermanagh,Northern Ireland,,County Fermanagh,,,"County, NorthernIreland"
/S[ys<NVD%,Firth of Clyde,,,,,Firth of Clyde,BoW
/ZiyD7h1nU,East Midlands,,,,East Midlands,,"Region, England"
1M>#Uj)_H,Sheffield,South Yorkshire,Sheffield,,,,"City, England"
6&*!x?2]xN,Chester,Cheshire,Chester,,,,"City, England"
65>T[fpl_<,Outer Hebrides,Scotland,,Outer Hebrides,,,"County, Scotland"
6;]RQG0$v3,Newcastle upon Tyne,Tyne and Wear,Newcastle upon Tyne,,,,"City, England"
"6;cn#,g6)",Norwich,Norfolk,Norwich,,,,"City, England"
6[$=v~Sm8D,Bath,Somerset,Bath,,,,"City, England"
6[<PKxrpms,Aberdeen,Scotland,,Aberdeen,,,"County, Scotland"
6Bcp~`]_c),Swansea,West Glamorgan,Swansea,,,,"City, Wales"
6IQ&Z1MKmD,Dundee,Dundee,Dundee,,,,"City, Scotland"
"7$bL1NE7E,",Derby,Derbyshire,Derby,,,,"City, England"
72ISpU(o1`,York,North Yorkshire,York,,,,"City, England"
7;3(yD!}jB,City of Westminster,Greater London,City of Westminster,,,,"City, England"
7?Yk3.YE$0,Lincoln,Lincolnshire,Lincoln,,,,"City, England"
7[iT6T*XHs,Oxfordshire,South East,,Oxfordshire,,,"County, England"
7jU`/XDKyi,Hampshire,South East,,Hampshire,,,"County, England"
7KJ_IYY09+,Dundee,Scotland,,Dundee,,,"County, Scotland"
7oc-zW6eh],County Antrim,Northern Ireland,,County Antrim,,,"County, NorthernIreland"
7tFFY0ljZ@,Bedfordshire,East of England,,Bedfordshire,,,"County, England"
7~qCT/.{J`,Devon,South West,,Devon,,,"County, England"
8/MwxKA{)T,North Ayrshire,Scotland,,North Ayrshire,,,"County, Scotland"
840E7ol(.+,Tyne and Wear,North East,,Tyne and Wear,,,"County, England"
8:82_UAiYs,Durham,County Durham,Durham,,,,"City, England"
8JgtC<TW1M,South East,,,,South East,,"Region, England"
8LJr=;unkR,Lancashire,North West,,Lancashire,,,"County, England"
8P@Im*:G5h,Sunderland,Tyne and Wear,Sunderland,,,,"City, England"
8Tu?(*N(<1,South Lanarkshire,Scotland,,South Lanarkshire,,,"County, Scotland"
8vyw]1EB=n,North Channel,,,,,North Channel,BoW
8yQ&T^q$f8,Canterbury,Kent,Canterbury,,,,"City, England"
"9*b~`T^q,@",Glasgow,Scotland,,Glasgow,,,"County, Scotland"
96mBI5Kn1t,St Asaph,Clwyd,St Asaph,,,,"City, Wales"
9e_9Q/.d}@,City of London,London,,City of London,,,"County, England"
9JaD?`sI(%,Stoke-on-Trent,Staffordshire,Stoke-on-Trent,,,,"City, England"
9uBf4oTTeN,Lincolnshire,East Midlands,,Lincolnshire,,,"County, England"
9y$m]J7Sx{,County Down,Northern Ireland,,County Down,,,"County, NorthernIreland"
9yQ+pgUZ+A,County Armagh,Northern Ireland,,County Armagh,,,"County, NorthernIreland"
"9ZAkG:,=fB",North Sea,,,,,North Sea,BoW
9|q#D0Av/U,Liverpool,Merseyside,Liverpool,,,,"City, England"
:[3T[)jl(#,Renfrewshire,Scotland,,Renfrewshire,,,"County, Scotland"
:`g).pkAkW,Lisburn,County Antrim / County Down,Lisburn,,,,"City, NorthernIreland"
:eUZI@RSa),City of London,City of London,City of London,,,,"City, England"
:fPt*k%~M(,Aberdeen,Aberdeen,Aberdeen,,,,"City, Scotland"
:fqG;gkI0@,St Albans,Hertfordshire,St Albans,,,,"City, England"
:gf~=.(g2z,Scotland,,,,Scotland,,"Region, Scotland"
:OqVF#.gmy,Bristol Channel,,,,,Bristol Channel,BoW
:pq<fu+W.k,Southampton,Hampshire,Southampton,,,,"City, England"
:q_-Y`!FlG,Yorkshire and the Humber,,,,Yorkshire and the Humber,,"Region, England"
:qMF=!p0S$,Bangor (Wales),Gwynedd,Bangor (Wales),,,,"City, Wales"
:XW7_bloT$,London,,,,London,,"Region, England"
:~5YSt`p^-,Gwent (county),Wales,,Gwent (county),,,"County, Wales"
;+?7VH}tAM,St Davids,Dyfed,St Davids,,,,"City, Wales"
;/ZR/k5*b1,Belfast,County Antrim / County Down,Belfast,,,,"City, NorthernIreland"
;<Z4[zrAX~,Falkirk,Scotland,,Falkirk,,,"County, Scotland"
;B/78-c<zO,Cheshire,North West,,Cheshire,,,"County, England"
";C1iA4,n`j",Shetland Islands,Scotland,,Shetland Islands,,,"County, Scotland"
;f_<G([>=3,Glasgow,Glasgow,Glasgow,,,,"City, Scotland"
;L)n$2$b*k,East Riding of Yorkshire,Yorkshire and the Humber,,East Riding of Yorkshire,,,"County, England"
"<,%1w~C_x*",West Dunbartonshire,Scotland,,West Dunbartonshire,,,"County, Scotland"
<[8d=W^vU[,Edinburgh,Edinburgh,Edinburgh,,,,"City, Scotland"
"<ciP3,:m4p",Bristol,Bristol,Bristol,,,,"City, England"
<I%+S1Fm$),Buckinghamshire,South East,,Buckinghamshire,,,"County, England"
<jcvI!bH_c,Leeds,West Yorkshire,Leeds,,,,"City, England"
<L$L@nQMoq,South West,,,,South West,,"Region, England"
<lq]h;QLq},North Yorkshire,Yorkshire and the Humber,,North Yorkshire,,,"County, England"
<u>>DorL{|,Brighton and Hove,East Sussex,Brighton and Hove,,,,"City, England"
"<uB,qWin6?",Fife,Scotland,,Fife,,,"County, Scotland"
=Dy%7XFV!s,Wales,,,,Wales,,"Region, Wales"
=I]#oH4xjB,Newport,Gwent (county),Newport,,,,"City, Wales"
"=kqE<uxF,A",Gloucestershire,South West,,Gloucestershire,,,"County, England"
=yoj3gC/#`,Edinburgh,Scotland,,Edinburgh,,,"County, Scotland"
=|rj<k%P&,Salford,Greater Manchester,Salford,,,,"City, England"
`[A^|uQXR,Norfolk,East of England,,Norfolk,,,"County, England"
cZ?<mZ(0&,Berkshire,South East,,Berkshire,,,"County, England"
h%1&W{xrb,West Midlands,,,,West Midlands,,"Region, England"
kYJjVThwb,Worcestershire,West Midlands,,Worcestershire,,,"County, England"
l*JvUQC-U,East Dunbartonshire,Scotland,,East Dunbartonshire,,,"County, Scotland"
lwB[5E@5Ew,Dunfermline,Fife,Dunfermline,,,,"City, Scotland"
mo}6u6*1];,Doncaster,South Yorkshire,Doncaster,,,,"City, England"
oEO/mSP{vM,Colchester,Essex,Colchester,,,,"City, England"
ojXwNa~7aa,Wrexham,Clwyd,Wrexham,,,,"City, Wales"
qfZgds*BDO,Milton Keynes,Buckinghamshire,Milton Keynes,,,,"City, England"
r]eFsyk&=,Stirling (council area),Scotland,,Stirling (council area),,,"County, Scotland"
sz7^%6`]9,Stirling,Stirling (council area),Stirling,,,,"City, Scotland"
t8_V.f9m8#,Southend-on-Sea,Essex,Southend-on-Sea,,,,"City, England"
tw-Wyb`DA!,Bangor (Northern Ireland),County Down,Bangor (Northern Ireland),,,,"City, NorthernIreland"
x1H7]H[jXM,River Severn,,,,,River Severn,BoW
YsiUdkEyK,Salisbury,Wiltshire,Salisbury,,,,"City, England"
YS{ve|^rF,County Durham,North East,,County Durham,,,"County, England"
